<?xml version="1.0" encoding="UTF-8" ?>
<!DOCTYPE ldml SYSTEM "../../common/dtd/ldml.dtd">
<!-- Copyright © 1991-2020 Unicode, Inc.
For terms of use, see http://www.unicode.org/copyright.html
Unicode and the Unicode Logo are registered trademarks of Unicode, Inc. in the U.S. and other countries.
CLDR data files are interpreted according to the LDML specification (http://unicode.org/reports/tr35/)
-->
<ldml>
	<identity>
		<version number="$Revision$"/>
		<language type="de"/>
		<territory type="LU"/>
	</identity>
	<dates>
		<calendars>
			<calendar type="gregorian">
				<dayPeriods>
					<dayPeriodContext type="format">
						<dayPeriodWidth type="narrow">
							<dayPeriod type="am" draft="contributed">vorm.</dayPeriod>
							<dayPeriod type="pm" draft="contributed">nachm.</dayPeriod>
						</dayPeriodWidth>
					</dayPeriodContext>
				</dayPeriods>
				<dateTimeFormats>
					<availableFormats>
						<dateFormatItem id="h" draft="contributed">h a</dateFormatItem>
					</availableFormats>
				</dateTimeFormats>
			</calendar>
		</calendars>
	</dates>
	<numbers>
		<currencies>
			<currency type="LUF">
				<symbol>F</symbol>
				<decimal>.</decimal>
				<group>,</group>
			</currency>
		</currencies>
	</numbers>
</ldml>
