<?xml version="1.0" encoding="UTF-8" ?>
<!DOCTYPE ldml SYSTEM "../../common/dtd/ldml.dtd">
<!-- Copyright © 1991-2020 Unicode, Inc.
For terms of use, see http://www.unicode.org/copyright.html
Unicode and the Unicode Logo are registered trademarks of Unicode, Inc. in the U.S. and other countries.
CLDR data files are interpreted according to the LDML specification (http://unicode.org/reports/tr35/)
-->
<ldml>
	<identity>
		<version number="$Revision$"/>
		<language type="en"/>
		<territory type="150"/>
	</identity>
	<dates>
		<calendars>
			<calendar type="gregorian">
				<timeFormats>
					<timeFormatLength type="full">
						<timeFormat>
							<pattern>HH:mm:ss zzzz</pattern>
						</timeFormat>
					</timeFormatLength>
					<timeFormatLength type="long">
						<timeFormat>
							<pattern>HH:mm:ss z</pattern>
						</timeFormat>
					</timeFormatLength>
					<timeFormatLength type="medium">
						<timeFormat>
							<pattern>HH:mm:ss</pattern>
						</timeFormat>
					</timeFormatLength>
					<timeFormatLength type="short">
						<timeFormat>
							<pattern>HH:mm</pattern>
						</timeFormat>
					</timeFormatLength>
				</timeFormats>
			</calendar>
		</calendars>
		<timeZoneNames>
			<metazone type="Europe_Central">
				<short>
					<generic>CET</generic>
					<standard>CET</standard>
					<daylight>CEST</daylight>
				</short>
			</metazone>
			<metazone type="Europe_Eastern">
				<short>
					<generic>EET</generic>
					<standard>EET</standard>
					<daylight>EEST</daylight>
				</short>
			</metazone>
			<metazone type="Europe_Western">
				<short>
					<generic>WET</generic>
					<standard>WET</standard>
					<daylight>WEST</daylight>
				</short>
			</metazone>
		</timeZoneNames>
	</dates>
	<numbers>
		<currencyFormats numberSystem="latn">
			<currencyFormatLength>
				<currencyFormat type="standard">
					<pattern>#,##0.00 ¤</pattern>
				</currencyFormat>
				<currencyFormat type="accounting">
					<pattern>#,##0.00 ¤</pattern>
				</currencyFormat>
			</currencyFormatLength>
		</currencyFormats>
		<currencies>
			<currency type="EUR">
				<pattern>¤#,##0.00</pattern>
			</currency>
		</currencies>
	</numbers>
</ldml>
