<?xml version="1.0" encoding="UTF-8" ?>
<!DOCTYPE ldml SYSTEM "../../common/dtd/ldml.dtd">
<!-- Copyright © 1991-2020 Unicode, Inc.
For terms of use, see http://www.unicode.org/copyright.html
Unicode and the Unicode Logo are registered trademarks of Unicode, Inc. in the U.S. and other countries.
CLDR data files are interpreted according to the LDML specification (http://unicode.org/reports/tr35/)
-->
<ldml>
	<identity>
		<version number="$Revision$"/>
		<language type="en"/>
		<territory type="HK"/>
	</identity>
	<dates>
		<calendars>
			<calendar type="generic">
				<dateFormats>
					<dateFormatLength type="full">
						<dateFormat>
							<pattern>EEEE, d MMMM, y G</pattern>
						</dateFormat>
					</dateFormatLength>
					<dateFormatLength type="long">
						<dateFormat>
							<pattern>d MMMM, y G</pattern>
						</dateFormat>
					</dateFormatLength>
					<dateFormatLength type="medium">
						<dateFormat>
							<pattern>d MMM, y G</pattern>
						</dateFormat>
					</dateFormatLength>
					<dateFormatLength type="short">
						<dateFormat>
							<pattern>d/M/yy GGGGG</pattern>
						</dateFormat>
					</dateFormatLength>
				</dateFormats>
				<dateTimeFormats>
					<availableFormats>
						<dateFormatItem id="MMMMEd">E, d MMMM</dateFormatItem>
						<dateFormatItem id="yyyyMd">d/M/y GGGGG</dateFormatItem>
						<dateFormatItem id="yyyyMEd">E, d/M/y GGGGG</dateFormatItem>
						<dateFormatItem id="yyyyMMMd">d MMM, y G</dateFormatItem>
						<dateFormatItem id="yyyyMMMEd">E, d MMM, y G</dateFormatItem>
					</availableFormats>
					<intervalFormats>
						<intervalFormatItem id="Md">
							<greatestDifference id="d">d/M – d/M</greatestDifference>
							<greatestDifference id="M">d/M – d/M</greatestDifference>
						</intervalFormatItem>
						<intervalFormatItem id="MEd">
							<greatestDifference id="d">E, d/M – E, d/M</greatestDifference>
							<greatestDifference id="M">E, d/M – E, d/M</greatestDifference>
						</intervalFormatItem>
						<intervalFormatItem id="MMMEd">
							<greatestDifference id="d">E, d MMM – E, d MMM</greatestDifference>
							<greatestDifference id="M">E, d MMM – E, d MMM</greatestDifference>
						</intervalFormatItem>
						<intervalFormatItem id="yMd">
							<greatestDifference id="d">d/M/y – d/M/y G</greatestDifference>
							<greatestDifference id="M">d/M/y – d/M/y G</greatestDifference>
							<greatestDifference id="y">d/M/y – d/M/y G</greatestDifference>
						</intervalFormatItem>
						<intervalFormatItem id="yMEd">
							<greatestDifference id="d">E, d/M/y – E, d/M/y G</greatestDifference>
							<greatestDifference id="M">E, d/M/y – E, d/M/y G</greatestDifference>
							<greatestDifference id="y">E, d/M/y – E, d/M/y G</greatestDifference>
						</intervalFormatItem>
						<intervalFormatItem id="yMMMd">
							<greatestDifference id="d">d – d MMM, y G</greatestDifference>
							<greatestDifference id="M">d MMM – d MMM, y G</greatestDifference>
							<greatestDifference id="y">d MMM, y – d MMM, y G</greatestDifference>
						</intervalFormatItem>
						<intervalFormatItem id="yMMMEd">
							<greatestDifference id="d">E, d MMM – E, d MMM, y G</greatestDifference>
							<greatestDifference id="M">E, d MMM – E, d MMM, y G</greatestDifference>
							<greatestDifference id="y">E, d MMM, y – E, d MMM, y G</greatestDifference>
						</intervalFormatItem>
					</intervalFormats>
				</dateTimeFormats>
			</calendar>
			<calendar type="gregorian">
				<dateFormats>
					<dateFormatLength type="short">
						<dateFormat>
							<pattern>d/M/y</pattern>
						</dateFormat>
					</dateFormatLength>
				</dateFormats>
				<dateTimeFormats>
					<availableFormats>
						<dateFormatItem id="Md" draft="unconfirmed">d/M</dateFormatItem>
						<dateFormatItem id="MEd" draft="unconfirmed">E, d/M</dateFormatItem>
						<dateFormatItem id="MMMMEd">E, d MMMM</dateFormatItem>
						<dateFormatItem id="yM" draft="unconfirmed">M/y</dateFormatItem>
						<dateFormatItem id="yMd">d/M/y</dateFormatItem>
						<dateFormatItem id="yMEd" draft="unconfirmed">E, d/M/y</dateFormatItem>
					</availableFormats>
					<intervalFormats>
						<intervalFormatItem id="Md">
							<greatestDifference id="d">d/M – d/M</greatestDifference>
							<greatestDifference id="M">d/M – d/M</greatestDifference>
						</intervalFormatItem>
						<intervalFormatItem id="MEd">
							<greatestDifference id="d">E, d/M – E, d/M</greatestDifference>
							<greatestDifference id="M">E, d/M – E, d/M</greatestDifference>
						</intervalFormatItem>
						<intervalFormatItem id="MMMEd">
							<greatestDifference id="d">E, d MMM – E, d MMM</greatestDifference>
							<greatestDifference id="M">E, d MMM – E, d MMM</greatestDifference>
						</intervalFormatItem>
						<intervalFormatItem id="yM">
							<greatestDifference id="M" draft="unconfirmed">M/y – M/y</greatestDifference>
							<greatestDifference id="y" draft="unconfirmed">M/y – M/y</greatestDifference>
						</intervalFormatItem>
						<intervalFormatItem id="yMd">
							<greatestDifference id="d">d/M/y – d/M/y</greatestDifference>
							<greatestDifference id="M">d/M/y – d/M/y</greatestDifference>
							<greatestDifference id="y">d/M/y – d/M/y</greatestDifference>
						</intervalFormatItem>
						<intervalFormatItem id="yMEd">
							<greatestDifference id="d">E, d/M/y – E, d/M/y</greatestDifference>
							<greatestDifference id="M">E, d/M/y – E, d/M/y</greatestDifference>
							<greatestDifference id="y">E, d/M/y – E, d/M/y</greatestDifference>
						</intervalFormatItem>
					</intervalFormats>
				</dateTimeFormats>
			</calendar>
		</calendars>
		<timeZoneNames>
			<metazone type="Hong_Kong">
				<short>
					<generic>HKT</generic>
					<standard>HKT</standard>
					<daylight>HKST</daylight>
				</short>
			</metazone>
		</timeZoneNames>
	</dates>
</ldml>
