<?xml version="1.0" encoding="UTF-8" ?>
<!DOCTYPE ldml SYSTEM "../../common/dtd/ldml.dtd">
<!-- Copyright © 1991-2020 Unicode, Inc.
For terms of use, see http://www.unicode.org/copyright.html
Unicode and the Unicode Logo are registered trademarks of Unicode, Inc. in the U.S. and other countries.
CLDR data files are interpreted according to the LDML specification (http://unicode.org/reports/tr35/)
-->
<ldml>
	<identity>
		<version number="$Revision$"/>
		<language type="en"/>
		<territory type="IE"/>
	</identity>
	<dates>
		<calendars>
			<calendar type="generic">
				<dateFormats>
					<dateFormatLength type="full">
						<dateFormat>
							<pattern>EEEE d MMMM y G</pattern>
						</dateFormat>
					</dateFormatLength>
				</dateFormats>
				<dateTimeFormats>
					<availableFormats>
						<dateFormatItem id="Md" draft="contributed">d/M</dateFormatItem>
						<dateFormatItem id="yyyyMd">d/M/y G</dateFormatItem>
						<dateFormatItem id="yyyyMEd" draft="contributed">E, d/M/y G</dateFormatItem>
						<dateFormatItem id="yyyyMMMEd">E d MMM y G</dateFormatItem>
					</availableFormats>
					<intervalFormats>
						<intervalFormatItem id="yM">
							<greatestDifference id="M" draft="contributed">MM/y – MM/y G</greatestDifference>
							<greatestDifference id="y" draft="contributed">MM/y – MM/y G</greatestDifference>
						</intervalFormatItem>
						<intervalFormatItem id="yMd">
							<greatestDifference id="d" draft="contributed">dd/MM/y – dd/MM/y G</greatestDifference>
							<greatestDifference id="M" draft="contributed">dd/MM/y – dd/MM/y G</greatestDifference>
							<greatestDifference id="y" draft="contributed">dd/MM/y – dd/MM/y G</greatestDifference>
						</intervalFormatItem>
						<intervalFormatItem id="yMEd">
							<greatestDifference id="d" draft="contributed">E dd/MM/y – E dd/MM/y G</greatestDifference>
							<greatestDifference id="M" draft="contributed">E dd/MM/y – E dd/MM/y G</greatestDifference>
							<greatestDifference id="y" draft="contributed">E dd/MM/y – E dd/MM/y G</greatestDifference>
						</intervalFormatItem>
						<intervalFormatItem id="yMMMEd">
							<greatestDifference id="d" draft="contributed">E d – E d MMM y G</greatestDifference>
							<greatestDifference id="M" draft="contributed">E d MMM – E d MMM y G</greatestDifference>
							<greatestDifference id="y" draft="contributed">E d MMM y – E d MMM y G</greatestDifference>
						</intervalFormatItem>
					</intervalFormats>
				</dateTimeFormats>
			</calendar>
			<calendar type="gregorian">
				<dayPeriods>
					<dayPeriodContext type="format">
						<dayPeriodWidth type="wide">
							<dayPeriod type="am">a.m.</dayPeriod>
							<dayPeriod type="pm">p.m.</dayPeriod>
						</dayPeriodWidth>
					</dayPeriodContext>
				</dayPeriods>
				<dateFormats>
					<dateFormatLength type="full">
						<dateFormat>
							<pattern>EEEE d MMMM y</pattern>
						</dateFormat>
					</dateFormatLength>
				</dateFormats>
				<timeFormats>
					<timeFormatLength type="full">
						<timeFormat>
							<pattern>HH:mm:ss zzzz</pattern>
						</timeFormat>
					</timeFormatLength>
					<timeFormatLength type="long">
						<timeFormat>
							<pattern>HH:mm:ss z</pattern>
						</timeFormat>
					</timeFormatLength>
					<timeFormatLength type="medium">
						<timeFormat>
							<pattern>HH:mm:ss</pattern>
						</timeFormat>
					</timeFormatLength>
					<timeFormatLength type="short">
						<timeFormat>
							<pattern>HH:mm</pattern>
						</timeFormat>
					</timeFormatLength>
				</timeFormats>
				<dateTimeFormats>
					<availableFormats>
						<dateFormatItem id="Md" draft="contributed">d/M</dateFormatItem>
						<dateFormatItem id="MEd" draft="contributed">E, d/M</dateFormatItem>
						<dateFormatItem id="yMd">d/M/y</dateFormatItem>
						<dateFormatItem id="yMEd" draft="contributed">E, d/M/y</dateFormatItem>
						<dateFormatItem id="yMMMEd">E d MMM y</dateFormatItem>
					</availableFormats>
					<intervalFormats>
						<intervalFormatItem id="yMEd">
							<greatestDifference id="d" draft="contributed">E dd/MM/y – E dd/MM/y</greatestDifference>
							<greatestDifference id="M" draft="contributed">E dd/MM/y – E dd/MM/y</greatestDifference>
							<greatestDifference id="y" draft="contributed">E dd/MM/y – E dd/MM/y</greatestDifference>
						</intervalFormatItem>
						<intervalFormatItem id="yMMMEd">
							<greatestDifference id="d" draft="contributed">E d – E d MMM y</greatestDifference>
							<greatestDifference id="M" draft="contributed">E d MMM – E d MMM y</greatestDifference>
							<greatestDifference id="y" draft="contributed">E d MMM y – E d MMM y</greatestDifference>
						</intervalFormatItem>
					</intervalFormats>
				</dateTimeFormats>
			</calendar>
		</calendars>
		<timeZoneNames>
			<zone type="Europe/Dublin">
				<short>
					<daylight>IST</daylight>
				</short>
			</zone>
		</timeZoneNames>
	</dates>
</ldml>
