<?xml version="1.0" encoding="UTF-8" ?>
<!DOCTYPE ldml SYSTEM "../../common/dtd/ldml.dtd">
<!-- Copyright © 1991-2020 Unicode, Inc.
For terms of use, see http://www.unicode.org/copyright.html
Unicode and the Unicode Logo are registered trademarks of Unicode, Inc. in the U.S. and other countries.
CLDR data files are interpreted according to the LDML specification (http://unicode.org/reports/tr35/)
-->
<ldml>
	<identity>
		<version number="$Revision$"/>
		<language type="en"/>
		<territory type="MO"/>
	</identity>
	<dates>
		<timeZoneNames>
			<metazone type="Hong_Kong">
				<short>
					<generic>HKT</generic>
					<standard>HKT</standard>
					<daylight>HKST</daylight>
				</short>
			</metazone>
			<metazone type="Macau">
				<short>
					<generic>MST</generic>
					<standard>MST</standard>
					<daylight>MDT</daylight>
				</short>
			</metazone>
		</timeZoneNames>
	</dates>
	<numbers>
		<currencies>
			<currency type="MOP">
				<symbol>MOP$</symbol>
			</currency>
		</currencies>
	</numbers>
</ldml>
