<?xml version="1.0" encoding="UTF-8" ?>
<!DOCTYPE ldml SYSTEM "../../common/dtd/ldml.dtd">
<!-- Copyright © 1991-2020 Unicode, Inc.
For terms of use, see http://www.unicode.org/copyright.html
Unicode and the Unicode Logo are registered trademarks of Unicode, Inc. in the U.S. and other countries.
CLDR data files are interpreted according to the LDML specification (http://unicode.org/reports/tr35/)
-->
<ldml>
	<identity>
		<version number="$Revision$"/>
		<language type="en"/>
		<territory type="MT"/>
	</identity>
	<dates>
		<calendars>
			<calendar type="generic">
				<dateFormats>
					<dateFormatLength type="long">
						<dateFormat>
							<pattern>dd MMMM y G</pattern>
						</dateFormat>
					</dateFormatLength>
					<dateFormatLength type="medium">
						<dateFormat>
							<pattern>dd MMM y G</pattern>
						</dateFormat>
					</dateFormatLength>
				</dateFormats>
				<dateTimeFormats>
					<availableFormats>
						<dateFormatItem id="MMMd">dd MMM</dateFormatItem>
						<dateFormatItem id="yyyyMMMd">dd MMM y G</dateFormatItem>
						<dateFormatItem id="yyyyMMMEd">E, dd MMM y G</dateFormatItem>
					</availableFormats>
					<intervalFormats>
						<intervalFormatItem id="MEd">
							<greatestDifference id="d" draft="unconfirmed">E, dd/MM – E, dd/MM</greatestDifference>
							<greatestDifference id="M" draft="unconfirmed">E, dd/MM – E, dd/MM</greatestDifference>
						</intervalFormatItem>
						<intervalFormatItem id="MMMd">
							<greatestDifference id="d" draft="unconfirmed">dd – dd MMM</greatestDifference>
							<greatestDifference id="M" draft="unconfirmed">dd MMM – dd MMM</greatestDifference>
						</intervalFormatItem>
						<intervalFormatItem id="MMMEd">
							<greatestDifference id="d" draft="unconfirmed">E, dd – E, dd MMM</greatestDifference>
							<greatestDifference id="M" draft="unconfirmed">E, dd MMM – E, dd MMM</greatestDifference>
						</intervalFormatItem>
						<intervalFormatItem id="yM">
							<greatestDifference id="M" draft="unconfirmed">MM/y – MM/y G</greatestDifference>
							<greatestDifference id="y" draft="unconfirmed">MM/y – MM/y G</greatestDifference>
						</intervalFormatItem>
						<intervalFormatItem id="yMd">
							<greatestDifference id="d" draft="unconfirmed">dd/MM/y – dd/MM/y G</greatestDifference>
							<greatestDifference id="M" draft="unconfirmed">dd/MM/y – dd/MM/y G</greatestDifference>
							<greatestDifference id="y" draft="unconfirmed">dd/MM/y – dd/MM/y G</greatestDifference>
						</intervalFormatItem>
						<intervalFormatItem id="yMEd">
							<greatestDifference id="d" draft="unconfirmed">E, dd/MM/y – E, dd/MM/y G</greatestDifference>
							<greatestDifference id="M" draft="unconfirmed">E, dd/MM/y – E, dd/MM/y G</greatestDifference>
							<greatestDifference id="y" draft="unconfirmed">E, dd/MM/y – E, dd/MM/y G</greatestDifference>
						</intervalFormatItem>
						<intervalFormatItem id="yMMMd">
							<greatestDifference id="d" draft="unconfirmed">dd – dd MMM y G</greatestDifference>
							<greatestDifference id="M" draft="unconfirmed">dd MMM – dd MMM y G</greatestDifference>
							<greatestDifference id="y" draft="unconfirmed">dd MMM y – dd MMM y G</greatestDifference>
						</intervalFormatItem>
					</intervalFormats>
				</dateTimeFormats>
			</calendar>
			<calendar type="gregorian">
				<dateFormats>
					<dateFormatLength type="long">
						<dateFormat>
							<pattern>dd MMMM y</pattern>
						</dateFormat>
					</dateFormatLength>
					<dateFormatLength type="medium">
						<dateFormat>
							<pattern>dd MMM y</pattern>
						</dateFormat>
					</dateFormatLength>
				</dateFormats>
				<timeFormats>
					<timeFormatLength type="full">
						<timeFormat>
							<pattern>HH:mm:ss zzzz</pattern>
						</timeFormat>
					</timeFormatLength>
					<timeFormatLength type="long">
						<timeFormat>
							<pattern>HH:mm:ss z</pattern>
						</timeFormat>
					</timeFormatLength>
					<timeFormatLength type="medium">
						<timeFormat>
							<pattern>HH:mm:ss</pattern>
						</timeFormat>
					</timeFormatLength>
					<timeFormatLength type="short">
						<timeFormat>
							<pattern>HH:mm</pattern>
						</timeFormat>
					</timeFormatLength>
				</timeFormats>
				<dateTimeFormats>
					<availableFormats>
						<dateFormatItem id="MMMd">dd MMM</dateFormatItem>
						<dateFormatItem id="yMMMd">dd MMM y</dateFormatItem>
						<dateFormatItem id="yMMMEd">E, dd MMM y</dateFormatItem>
					</availableFormats>
					<intervalFormats>
						<intervalFormatItem id="MEd">
							<greatestDifference id="d" draft="unconfirmed">E, dd/MM – E, dd/MM</greatestDifference>
							<greatestDifference id="M" draft="unconfirmed">E, dd/MM – E, dd/MM</greatestDifference>
						</intervalFormatItem>
						<intervalFormatItem id="MMMd">
							<greatestDifference id="d" draft="unconfirmed">dd – dd MMM</greatestDifference>
							<greatestDifference id="M" draft="unconfirmed">dd MMM – dd MMM</greatestDifference>
						</intervalFormatItem>
						<intervalFormatItem id="MMMEd">
							<greatestDifference id="d" draft="unconfirmed">E, dd – E, dd MMM</greatestDifference>
							<greatestDifference id="M" draft="unconfirmed">E, dd MMM – E, dd MMM</greatestDifference>
						</intervalFormatItem>
						<intervalFormatItem id="yMMMd">
							<greatestDifference id="d" draft="unconfirmed">dd – dd MMM y</greatestDifference>
							<greatestDifference id="M" draft="unconfirmed">dd MMM – dd MMM y</greatestDifference>
							<greatestDifference id="y" draft="unconfirmed">dd MMM y – dd MMM y</greatestDifference>
						</intervalFormatItem>
					</intervalFormats>
				</dateTimeFormats>
			</calendar>
		</calendars>
	</dates>
	<numbers>
		<currencies>
			<currency type="GBP">
				<symbol>GB£</symbol>
			</currency>
		</currencies>
	</numbers>
</ldml>
