<?xml version="1.0" encoding="UTF-8" ?>
<!DOCTYPE ldml SYSTEM "../../common/dtd/ldml.dtd">
<!-- Copyright © 1991-2020 Unicode, Inc.
For terms of use, see http://www.unicode.org/copyright.html
Unicode and the Unicode Logo are registered trademarks of Unicode, Inc. in the U.S. and other countries.
CLDR data files are interpreted according to the LDML specification (http://unicode.org/reports/tr35/)
-->
<ldml>
	<identity>
		<version number="$Revision$"/>
		<language type="en"/>
		<territory type="SD"/>
	</identity>
	<dates>
		<timeZoneNames>
			<metazone type="Africa_Central">
				<short>
					<standard>CAT</standard>
				</short>
			</metazone>
			<metazone type="Africa_Eastern">
				<short>
					<standard>EAT</standard>
				</short>
			</metazone>
			<metazone type="Africa_Southern">
				<short>
					<standard>SAST</standard>
				</short>
			</metazone>
			<metazone type="Africa_Western">
				<short>
					<generic>WAT</generic>
					<standard>WAT</standard>
					<daylight>WAST</daylight>
				</short>
			</metazone>
		</timeZoneNames>
	</dates>
</ldml>
