<?xml version="1.0" encoding="UTF-8" ?>
<!DOCTYPE ldml SYSTEM "../../common/dtd/ldml.dtd">
<!-- Copyright © 1991-2020 Unicode, Inc.
For terms of use, see http://www.unicode.org/copyright.html
Unicode and the Unicode Logo are registered trademarks of Unicode, Inc. in the U.S. and other countries.
CLDR data files are interpreted according to the LDML specification (http://unicode.org/reports/tr35/)
-->
<ldml>
	<identity>
		<version number="$Revision$"/>
		<language type="ff"/>
		<script type="Latn"/>
		<territory type="NG"/>
	</identity>
	<numbers>
		<currencies>
			<currency type="NGN">
				<symbol>₦</symbol>
			</currency>
		</currencies>
	</numbers>
</ldml>
