<?xml version="1.0" encoding="UTF-8" ?>
<!DOCTYPE ldml SYSTEM "../../common/dtd/ldml.dtd">
<!-- Copyright © 1991-2020 Unicode, Inc.
For terms of use, see http://www.unicode.org/copyright.html
Unicode and the Unicode Logo are registered trademarks of Unicode, Inc. in the U.S. and other countries.
CLDR data files are interpreted according to the LDML specification (http://unicode.org/reports/tr35/)
-->
<ldml>
	<identity>
		<version number="$Revision$"/>
		<language type="qu"/>
		<territory type="BO"/>
	</identity>
	<dates>
		<timeZoneNames>
			<metazone type="Bolivia">
				<short>
					<standard>BOT</standard>
				</short>
			</metazone>
			<metazone type="Peru">
				<short>
					<generic>∅∅∅</generic>
					<standard>∅∅∅</standard>
					<daylight>∅∅∅</daylight>
				</short>
			</metazone>
		</timeZoneNames>
	</dates>
	<numbers>
		<symbols numberSystem="latn">
			<decimal>,</decimal>
			<group>.</group>
		</symbols>
		<currencies>
			<currency type="BOB">
				<symbol>Bs</symbol>
			</currency>
			<currency type="PEN">
				<symbol>PEN</symbol>
			</currency>
		</currencies>
	</numbers>
</ldml>
