<?xml version="1.0" encoding="UTF-8" ?>
<!DOCTYPE ldml SYSTEM "../../common/dtd/ldml.dtd">
<!-- Copyright © 1991-2020 Unicode, Inc.
For terms of use, see http://www.unicode.org/copyright.html
Unicode and the Unicode Logo are registered trademarks of Unicode, Inc. in the U.S. and other countries.
CLDR data files are interpreted according to the LDML specification (http://unicode.org/reports/tr35/)
-->
<ldml>
	<identity>
		<version number="$Revision$"/>
		<language type="ta"/>
		<territory type="SG"/>
	</identity>
	<dates>
		<timeZoneNames>
			<metazone type="India">
				<short>
					<standard>∅∅∅</standard>
				</short>
			</metazone>
			<metazone type="Malaysia">
				<short>
					<standard>MYT</standard>
				</short>
			</metazone>
			<metazone type="Singapore">
				<short>
					<standard>SGT</standard>
				</short>
			</metazone>
		</timeZoneNames>
	</dates>
	<numbers>
		<decimalFormats numberSystem="latn">
			<decimalFormatLength>
				<decimalFormat>
					<pattern>#,##0.###</pattern>
				</decimalFormat>
			</decimalFormatLength>
		</decimalFormats>
		<percentFormats numberSystem="latn">
			<percentFormatLength>
				<percentFormat>
					<pattern>#,##0%</pattern>
				</percentFormat>
			</percentFormatLength>
		</percentFormats>
		<currencyFormats numberSystem="latn">
			<currencyFormatLength>
				<currencyFormat type="standard">
					<pattern>¤ #,##0.00</pattern>
				</currencyFormat>
			</currencyFormatLength>
		</currencyFormats>
		<currencies>
			<currency type="MYR">
				<symbol>RM</symbol>
			</currency>
			<currency type="SGD">
				<symbol>$</symbol>
			</currency>
			<currency type="USD">
				<symbol>US$</symbol>
			</currency>
		</currencies>
	</numbers>
</ldml>
