<?xml version="1.0" encoding="UTF-8" ?>
<!DOCTYPE ldml SYSTEM "../../common/dtd/ldml.dtd">
<!-- Copyright © 1991-2020 Unicode, Inc.
For terms of use, see http://www.unicode.org/copyright.html
Unicode and the Unicode Logo are registered trademarks of Unicode, Inc. in the U.S. and other countries.
CLDR data files are interpreted according to the LDML specification (http://unicode.org/reports/tr35/)
-->
<ldml>
	<identity>
		<version number="$Revision$"/>
		<language type="xh"/>
	</identity>
	<localeDisplayNames>
		<languages>
			<language type="af" draft="provisional">isiBhulu</language>
			<language type="am" draft="unconfirmed">Isi-Amharic</language>
			<language type="ar" draft="unconfirmed">Isi-Arabic</language>
			<language type="as" draft="unconfirmed">isiAssamese</language>
			<language type="az" draft="unconfirmed">Isi-Azerbaijani</language>
			<language type="be" draft="unconfirmed">Isi-Belarusian</language>
			<language type="bg" draft="unconfirmed">Isi-Bulgaria</language>
			<language type="bn" draft="unconfirmed">Isi-Bengali</language>
			<language type="br" draft="unconfirmed">Breton</language>
			<language type="bs" draft="unconfirmed">Isi-Bosnia</language>
			<language type="ca" draft="unconfirmed">Isi-Calatan</language>
			<language type="cs" draft="unconfirmed">Isi-Czech</language>
			<language type="cy" draft="unconfirmed">Isi-Welsh</language>
			<language type="da" draft="unconfirmed">Isi-Danish</language>
			<language type="de" draft="unconfirmed">Isi-German</language>
			<language type="el" draft="unconfirmed">Isi-Greek</language>
			<language type="en" draft="provisional">isiNgesi</language>
			<language type="eo" draft="unconfirmed">Isi-Esperanto</language>
			<language type="es" draft="unconfirmed">Isi-Spanish</language>
			<language type="et" draft="unconfirmed">Isi-Estonian</language>
			<language type="eu" draft="unconfirmed">Isi-Basque</language>
			<language type="fa" draft="unconfirmed">Isi-Persia</language>
			<language type="fi" draft="unconfirmed">Isi-Finnish</language>
			<language type="fil" draft="unconfirmed">Isi-Taglog</language>
			<language type="fo" draft="unconfirmed">Isi-Faroese</language>
			<language type="fr" draft="unconfirmed">Isi-French</language>
			<language type="fy" draft="unconfirmed">Isi-Frisian</language>
			<language type="ga" draft="unconfirmed">Isi-Irish</language>
			<language type="gd" draft="unconfirmed">Scots Gaelic</language>
			<language type="gl" draft="unconfirmed">Isi-Galician</language>
			<language type="gn" draft="unconfirmed">Guarani</language>
			<language type="gu" draft="unconfirmed">Isi-Gujarati</language>
			<language type="he" draft="unconfirmed">Isi-Hebrew</language>
			<language type="hi" draft="unconfirmed">Isi-Hindi</language>
			<language type="hr" draft="unconfirmed">Isi-Croatia</language>
			<language type="hu" draft="unconfirmed">Isi-Hungarian</language>
			<language type="hy" draft="unconfirmed">isiArmenian</language>
			<language type="ia" draft="unconfirmed">Interlingua</language>
			<language type="id" draft="unconfirmed">Isi-Indonesian</language>
			<language type="ie" draft="unconfirmed">isiInterlingue</language>
			<language type="is" draft="unconfirmed">Isi-Icelandic</language>
			<language type="it" draft="unconfirmed">Isi-Italian</language>
			<language type="ja" draft="unconfirmed">Isi-Japanese</language>
			<language type="jv" draft="unconfirmed">Isi-Javanese</language>
			<language type="ka" draft="unconfirmed">Isi-Georgia</language>
			<language type="km" draft="unconfirmed">isiCambodia</language>
			<language type="kn" draft="unconfirmed">Isi-Kannada</language>
			<language type="ko" draft="unconfirmed">Isi-Korean</language>
			<language type="ku" draft="unconfirmed">Kurdish</language>
			<language type="ky" draft="unconfirmed">Kyrgyz</language>
			<language type="la" draft="unconfirmed">Isi-Latin</language>
			<language type="ln" draft="unconfirmed">Iilwimi</language>
			<language type="lo" draft="unconfirmed">IsiLoathian</language>
			<language type="lt" draft="unconfirmed">Isi-Lithuanian</language>
			<language type="lv" draft="unconfirmed">Isi-Latvian</language>
			<language type="mk" draft="unconfirmed">Isi-Macedonian</language>
			<language type="ml" draft="unconfirmed">Isi-Malayalam</language>
			<language type="mn" draft="unconfirmed">IsiMongolian</language>
			<language type="mr" draft="unconfirmed">Isi-Marathi</language>
			<language type="ms" draft="unconfirmed">Isi-Malay</language>
			<language type="mt" draft="unconfirmed">Isi-Maltese</language>
			<language type="ne" draft="unconfirmed">Isi-Nepali</language>
			<language type="nl" draft="unconfirmed">Isi-Dutch</language>
			<language type="nn" draft="unconfirmed">Isi-Norwegia (Nynorsk)</language>
			<language type="no" draft="unconfirmed">Isi-Norwegian</language>
			<language type="oc" draft="unconfirmed">Iso-Occitan</language>
			<language type="or" draft="unconfirmed">Oriya</language>
			<language type="pa" draft="unconfirmed">Isi-Punjabi</language>
			<language type="pl" draft="unconfirmed">Isi-Polish</language>
			<language type="ps" draft="unconfirmed">Pashto</language>
			<language type="pt" draft="unconfirmed">Isi-Portuguese</language>
			<language type="pt_BR" draft="unconfirmed">portokugusseee</language>
			<language type="pt_PT" draft="unconfirmed">Isi-Portuguese (Portugal)</language>
			<language type="ro" draft="unconfirmed">Isi-Romanian</language>
			<language type="ru" draft="unconfirmed">Isi-Russian</language>
			<language type="sa" draft="unconfirmed">iSanskrit</language>
			<language type="sd" draft="unconfirmed">isiSindhi</language>
			<language type="sh" draft="unconfirmed">Serbo-Croatian</language>
			<language type="si" draft="unconfirmed">Isi-Sinhalese</language>
			<language type="sk" draft="unconfirmed">Isi-Slovak</language>
			<language type="sl" draft="unconfirmed">Isi-Slovenian</language>
			<language type="so" draft="unconfirmed">IsiSomaliya</language>
			<language type="sq" draft="unconfirmed">Isi-Albania</language>
			<language type="sr" draft="unconfirmed">Isi-Serbia</language>
			<language type="st" draft="unconfirmed">Sesotho</language>
			<language type="su" draft="unconfirmed">Isi-Sudanese</language>
			<language type="sv" draft="unconfirmed">Isi-Swedish</language>
			<language type="sw" draft="unconfirmed">Isi-Swahili</language>
			<language type="ta" draft="unconfirmed">Isi-Tamil</language>
			<language type="te" draft="unconfirmed">Isi-Telegu</language>
			<language type="th" draft="unconfirmed">Isi-Thai</language>
			<language type="ti" draft="unconfirmed">Isi-Tigrinya</language>
			<language type="tk" draft="unconfirmed">Turkmen</language>
			<language type="tlh" draft="unconfirmed">Klingon</language>
			<language type="tr" draft="unconfirmed">Isi-Turkish</language>
			<language type="tw" draft="unconfirmed">Twi</language>
			<language type="ug" draft="unconfirmed">Isi Uighur</language>
			<language type="uk" draft="unconfirmed">Isi-Ukranian</language>
			<language type="ur" draft="unconfirmed">Urdu</language>
			<language type="uz" draft="unconfirmed">Isi-Uzbek</language>
			<language type="vi" draft="unconfirmed">Isi-Vietnamese</language>
			<language type="xh" draft="contributed">isiXhosa</language>
			<language type="yi" draft="unconfirmed">Yiddish</language>
			<language type="zu" draft="provisional">isiZulu</language>
		</languages>
		<territories>
			<territory type="MK">uMntla Macedonia</territory>
			<territory type="ZA">eMzantsi Afrika</territory>
		</territories>
	</localeDisplayNames>
	<characters>
		<exemplarCharacters>[a b c d e f g h i j k l m n o p q r s t u v w x y z]</exemplarCharacters>
		<exemplarCharacters type="auxiliary">[]</exemplarCharacters>
		<exemplarCharacters type="index" draft="unconfirmed">[A B C D E F G H I J K L M N O P Q R S T U V W X Y Z]</exemplarCharacters>
	</characters>
	<delimiters>
		<quotationStart>‘</quotationStart>
		<quotationEnd>’</quotationEnd>
		<alternateQuotationStart>“</alternateQuotationStart>
		<alternateQuotationEnd>”</alternateQuotationEnd>
	</delimiters>
	<dates>
		<calendars>
			<calendar type="gregorian">
				<months>
					<monthContext type="format">
						<monthWidth type="abbreviated">
							<month type="1">Jan</month>
							<month type="2">Feb</month>
							<month type="3">Mat</month>
							<month type="4">Epr</month>
							<month type="5">Mey</month>
							<month type="6">Jun</month>
							<month type="7">Jul</month>
							<month type="8">Aga</month>
							<month type="9">Sep</month>
							<month type="10">Okt</month>
							<month type="11">Nov</month>
							<month type="12">Dis</month>
						</monthWidth>
						<monthWidth type="narrow">
							<month type="1">1</month>
							<month type="2">2</month>
							<month type="3">3</month>
							<month type="4">4</month>
							<month type="5">5</month>
							<month type="6">6</month>
							<month type="7">7</month>
							<month type="8">8</month>
							<month type="9">9</month>
							<month type="10">10</month>
							<month type="11">11</month>
							<month type="12">12</month>
						</monthWidth>
						<monthWidth type="wide">
							<month type="1">Janyuwari</month>
							<month type="2">Februwari</month>
							<month type="3">Matshi</month>
							<month type="4">Epreli</month>
							<month type="5">Meyi</month>
							<month type="6">Juni</month>
							<month type="7">Julayi</month>
							<month type="8">Agasti</month>
							<month type="9">Septemba</month>
							<month type="10">Okthoba</month>
							<month type="11">Novemba</month>
							<month type="12">Disemba</month>
						</monthWidth>
					</monthContext>
					<monthContext type="stand-alone">
						<monthWidth type="abbreviated">
							<month type="1">Jan</month>
							<month type="2">Feb</month>
							<month type="3">Mat</month>
							<month type="4">Epr</month>
							<month type="5">Mey</month>
							<month type="6">Jun</month>
							<month type="7">Jul</month>
							<month type="8">Aga</month>
							<month type="9">Sep</month>
							<month type="10">Okt</month>
							<month type="11">Nov</month>
							<month type="12">Dis</month>
						</monthWidth>
						<monthWidth type="narrow">
							<month type="1">1</month>
							<month type="2">2</month>
							<month type="3">3</month>
							<month type="4">4</month>
							<month type="5">5</month>
							<month type="6">6</month>
							<month type="7">7</month>
							<month type="8">8</month>
							<month type="9">9</month>
							<month type="10">10</month>
							<month type="11">11</month>
							<month type="12">12</month>
						</monthWidth>
						<monthWidth type="wide">
							<month type="1">Janyuwari</month>
							<month type="2">Februwari</month>
							<month type="3">Matshi</month>
							<month type="4">Epreli</month>
							<month type="5">Meyi</month>
							<month type="6">Juni</month>
							<month type="7">Julayi</month>
							<month type="8">Agasti</month>
							<month type="9">Septemba</month>
							<month type="10">Okthoba</month>
							<month type="11">Novemba</month>
							<month type="12">Disemba</month>
						</monthWidth>
					</monthContext>
				</months>
				<days>
					<dayContext type="format">
						<dayWidth type="abbreviated">
							<day type="sun">Caw</day>
							<day type="mon">Mvu</day>
							<day type="tue">Bin</day>
							<day type="wed">Tha</day>
							<day type="thu">Sin</day>
							<day type="fri">Hla</day>
							<day type="sat">Mgq</day>
						</dayWidth>
						<dayWidth type="narrow">
							<day type="sun">S</day>
							<day type="mon">M</day>
							<day type="tue">T</day>
							<day type="wed">W</day>
							<day type="thu">T</day>
							<day type="fri">F</day>
							<day type="sat">S</day>
						</dayWidth>
						<dayWidth type="wide">
							<day type="sun">Cawe</day>
							<day type="mon">Mvulo</day>
							<day type="tue">Lwesibini</day>
							<day type="wed">Lwesithathu</day>
							<day type="thu">Lwesine</day>
							<day type="fri">Lwesihlanu</day>
							<day type="sat">Mgqibelo</day>
						</dayWidth>
					</dayContext>
					<dayContext type="stand-alone">
						<dayWidth type="abbreviated">
							<day type="sun">Caw</day>
							<day type="mon">Mvu</day>
							<day type="tue">Bin</day>
							<day type="wed">Tha</day>
							<day type="thu">Sin</day>
							<day type="fri">Hla</day>
							<day type="sat">Mgq</day>
						</dayWidth>
						<dayWidth type="narrow">
							<day type="sun">S</day>
							<day type="mon">M</day>
							<day type="tue">T</day>
							<day type="wed">W</day>
							<day type="thu">T</day>
							<day type="fri">F</day>
							<day type="sat">S</day>
						</dayWidth>
						<dayWidth type="wide">
							<day type="sun">Cawe</day>
							<day type="mon">Mvulo</day>
							<day type="tue">Lwesibini</day>
							<day type="wed">Lwesithathu</day>
							<day type="thu">Lwesine</day>
							<day type="fri">Lwesihlanu</day>
							<day type="sat">Mgqibelo</day>
						</dayWidth>
					</dayContext>
				</days>
				<quarters>
					<quarterContext type="format">
						<quarterWidth type="abbreviated">
							<quarter type="1">Q1</quarter>
							<quarter type="2">Q2</quarter>
							<quarter type="3">Q3</quarter>
							<quarter type="4">Q4</quarter>
						</quarterWidth>
						<quarterWidth type="narrow">
							<quarter type="1">1</quarter>
							<quarter type="2">2</quarter>
							<quarter type="3">3</quarter>
							<quarter type="4">4</quarter>
						</quarterWidth>
						<quarterWidth type="wide">
							<quarter type="1">1 unyangantathu</quarter>
							<quarter type="2">2 unyangantathu</quarter>
							<quarter type="3">3 unyangantathu</quarter>
							<quarter type="4">4 unyangantathu</quarter>
						</quarterWidth>
					</quarterContext>
					<quarterContext type="stand-alone">
						<quarterWidth type="abbreviated">
							<quarter type="1">Q1</quarter>
							<quarter type="2">Q2</quarter>
							<quarter type="3">Q3</quarter>
							<quarter type="4">Q4</quarter>
						</quarterWidth>
						<quarterWidth type="narrow">
							<quarter type="1">1</quarter>
							<quarter type="2">2</quarter>
							<quarter type="3">3</quarter>
							<quarter type="4">4</quarter>
						</quarterWidth>
						<quarterWidth type="wide">
							<quarter type="1">1 unyangantathu</quarter>
							<quarter type="2">2 unyangantathu</quarter>
							<quarter type="3">3 unyangantathu</quarter>
							<quarter type="4">4 unyangantathu</quarter>
						</quarterWidth>
					</quarterContext>
				</quarters>
				<dayPeriods>
					<dayPeriodContext type="format">
						<dayPeriodWidth type="wide">
							<dayPeriod type="am">AM</dayPeriod>
							<dayPeriod type="pm">PM</dayPeriod>
						</dayPeriodWidth>
					</dayPeriodContext>
				</dayPeriods>
				<eras>
					<eraNames>
						<era type="0" draft="unconfirmed">BC</era>
						<era type="1" draft="unconfirmed">umnyaka wokuzalwa kukaYesu</era>
					</eraNames>
					<eraAbbr>
						<era type="0">BC</era>
						<era type="0" alt="variant">BCE</era>
						<era type="1">AD</era>
						<era type="1" alt="variant">CE</era>
					</eraAbbr>
				</eras>
				<dateFormats>
					<dateFormatLength type="full">
						<dateFormat>
							<pattern>y MMMM d, EEEE</pattern>
						</dateFormat>
					</dateFormatLength>
					<dateFormatLength type="long">
						<dateFormat>
							<pattern>y MMMM d</pattern>
						</dateFormat>
					</dateFormatLength>
					<dateFormatLength type="medium">
						<dateFormat>
							<pattern>y MMM d</pattern>
						</dateFormat>
					</dateFormatLength>
					<dateFormatLength type="short">
						<dateFormat>
							<pattern>y-MM-dd</pattern>
						</dateFormat>
					</dateFormatLength>
				</dateFormats>
				<timeFormats>
					<timeFormatLength type="full">
						<timeFormat>
							<pattern>HH:mm:ss zzzz</pattern>
						</timeFormat>
					</timeFormatLength>
					<timeFormatLength type="long">
						<timeFormat>
							<pattern>HH:mm:ss z</pattern>
						</timeFormat>
					</timeFormatLength>
					<timeFormatLength type="medium">
						<timeFormat>
							<pattern>HH:mm:ss</pattern>
						</timeFormat>
					</timeFormatLength>
					<timeFormatLength type="short">
						<timeFormat>
							<pattern>HH:mm</pattern>
						</timeFormat>
					</timeFormatLength>
				</timeFormats>
				<dateTimeFormats>
					<dateTimeFormatLength type="full">
						<dateTimeFormat>
							<pattern>{1} {0}</pattern>
						</dateTimeFormat>
					</dateTimeFormatLength>
					<dateTimeFormatLength type="long">
						<dateTimeFormat>
							<pattern>{1} {0}</pattern>
						</dateTimeFormat>
					</dateTimeFormatLength>
					<dateTimeFormatLength type="medium">
						<dateTimeFormat>
							<pattern>{1} {0}</pattern>
						</dateTimeFormat>
					</dateTimeFormatLength>
					<dateTimeFormatLength type="short">
						<dateTimeFormat>
							<pattern>{1} {0}</pattern>
						</dateTimeFormat>
					</dateTimeFormatLength>
					<availableFormats>
						<dateFormatItem id="d">d</dateFormatItem>
						<dateFormatItem id="E">ccc</dateFormatItem>
						<dateFormatItem id="Ed">d, E</dateFormatItem>
						<dateFormatItem id="Ehm">E h:mm a</dateFormatItem>
						<dateFormatItem id="EHm">E HH:mm</dateFormatItem>
						<dateFormatItem id="Ehms">E h:mm:ss a</dateFormatItem>
						<dateFormatItem id="EHms">E HH:mm:ss</dateFormatItem>
						<dateFormatItem id="Gy">G y</dateFormatItem>
						<dateFormatItem id="GyMMM">G y MMM</dateFormatItem>
						<dateFormatItem id="GyMMMd">G y MMM d</dateFormatItem>
						<dateFormatItem id="GyMMMEd">G y MMM d, E</dateFormatItem>
						<dateFormatItem id="h">h a</dateFormatItem>
						<dateFormatItem id="H">HH</dateFormatItem>
						<dateFormatItem id="hm">h:mm a</dateFormatItem>
						<dateFormatItem id="Hm">HH:mm</dateFormatItem>
						<dateFormatItem id="hms">h:mm:ss a</dateFormatItem>
						<dateFormatItem id="Hms">HH:mm:ss</dateFormatItem>
						<dateFormatItem id="hmsv">h:mm:ss a v</dateFormatItem>
						<dateFormatItem id="Hmsv">HH:mm:ss v</dateFormatItem>
						<dateFormatItem id="hmv">h:mm a v</dateFormatItem>
						<dateFormatItem id="Hmv">HH:mm v</dateFormatItem>
						<dateFormatItem id="M">L</dateFormatItem>
						<dateFormatItem id="Md">MM-dd</dateFormatItem>
						<dateFormatItem id="MEd">MM-dd, E</dateFormatItem>
						<dateFormatItem id="MMM">LLL</dateFormatItem>
						<dateFormatItem id="MMMd">MMM d</dateFormatItem>
						<dateFormatItem id="MMMEd">MMM d, E</dateFormatItem>
						<dateFormatItem id="MMMMd">MMMM d</dateFormatItem>
						<dateFormatItem id="MMMMW" count="one">'week' W 'of' MMMM</dateFormatItem>
						<dateFormatItem id="MMMMW" count="other">'week' W 'of' MMMM</dateFormatItem>
						<dateFormatItem id="ms">mm:ss</dateFormatItem>
						<dateFormatItem id="y">y</dateFormatItem>
						<dateFormatItem id="yM">y-MM</dateFormatItem>
						<dateFormatItem id="yMd">y-MM-dd</dateFormatItem>
						<dateFormatItem id="yMEd">y-MM-dd, E</dateFormatItem>
						<dateFormatItem id="yMMM">y MMM</dateFormatItem>
						<dateFormatItem id="yMMMd">y MMM d</dateFormatItem>
						<dateFormatItem id="yMMMEd">y MMM d, E</dateFormatItem>
						<dateFormatItem id="yMMMM">y MMMM</dateFormatItem>
						<dateFormatItem id="yQQQ">y QQQ</dateFormatItem>
						<dateFormatItem id="yQQQQ">y QQQQ</dateFormatItem>
						<dateFormatItem id="yw" count="one">'week' w 'of' Y</dateFormatItem>
						<dateFormatItem id="yw" count="other">'week' w 'of' Y</dateFormatItem>
					</availableFormats>
					<appendItems>
						<appendItem request="Timezone">{0} {1}</appendItem>
					</appendItems>
					<intervalFormats>
						<intervalFormatFallback>{0} – {1}</intervalFormatFallback>
						<intervalFormatItem id="d">
							<greatestDifference id="d">d–d</greatestDifference>
						</intervalFormatItem>
						<intervalFormatItem id="h">
							<greatestDifference id="a">h a – h a</greatestDifference>
							<greatestDifference id="h">h–h a</greatestDifference>
						</intervalFormatItem>
						<intervalFormatItem id="H">
							<greatestDifference id="H">HH–HH</greatestDifference>
						</intervalFormatItem>
						<intervalFormatItem id="hm">
							<greatestDifference id="a">h:mm a – h:mm a</greatestDifference>
							<greatestDifference id="h">h:mm–h:mm a</greatestDifference>
							<greatestDifference id="m">h:mm–h:mm a</greatestDifference>
						</intervalFormatItem>
						<intervalFormatItem id="Hm">
							<greatestDifference id="H">HH:mm–HH:mm</greatestDifference>
							<greatestDifference id="m">HH:mm–HH:mm</greatestDifference>
						</intervalFormatItem>
						<intervalFormatItem id="hmv">
							<greatestDifference id="a">h:mm a – h:mm a v</greatestDifference>
							<greatestDifference id="h">h:mm–h:mm a v</greatestDifference>
							<greatestDifference id="m">h:mm–h:mm a v</greatestDifference>
						</intervalFormatItem>
						<intervalFormatItem id="Hmv">
							<greatestDifference id="H">HH:mm–HH:mm v</greatestDifference>
							<greatestDifference id="m">HH:mm–HH:mm v</greatestDifference>
						</intervalFormatItem>
						<intervalFormatItem id="hv">
							<greatestDifference id="a">h a – h a v</greatestDifference>
							<greatestDifference id="h">h–h a v</greatestDifference>
						</intervalFormatItem>
						<intervalFormatItem id="Hv">
							<greatestDifference id="H">HH–HH v</greatestDifference>
						</intervalFormatItem>
						<intervalFormatItem id="M">
							<greatestDifference id="M">MM–MM</greatestDifference>
						</intervalFormatItem>
						<intervalFormatItem id="Md">
							<greatestDifference id="d">MM-dd – MM-dd</greatestDifference>
							<greatestDifference id="M">MM-dd – MM-dd</greatestDifference>
						</intervalFormatItem>
						<intervalFormatItem id="MEd">
							<greatestDifference id="d">MM-dd, E – MM-dd, E</greatestDifference>
							<greatestDifference id="M">MM-dd, E – MM-dd, E</greatestDifference>
						</intervalFormatItem>
						<intervalFormatItem id="MMM">
							<greatestDifference id="M">LLL–LLL</greatestDifference>
						</intervalFormatItem>
						<intervalFormatItem id="MMMd">
							<greatestDifference id="d">MMM d–d</greatestDifference>
							<greatestDifference id="M">MMM d – MMM d</greatestDifference>
						</intervalFormatItem>
						<intervalFormatItem id="MMMEd">
							<greatestDifference id="d">MMM d, E – MMM d, E</greatestDifference>
							<greatestDifference id="M">MMM d, E – MMM d, E</greatestDifference>
						</intervalFormatItem>
						<intervalFormatItem id="y">
							<greatestDifference id="y">y–y</greatestDifference>
						</intervalFormatItem>
						<intervalFormatItem id="yM">
							<greatestDifference id="M">y-MM – y-MM</greatestDifference>
							<greatestDifference id="y">y-MM – y-MM</greatestDifference>
						</intervalFormatItem>
						<intervalFormatItem id="yMd">
							<greatestDifference id="d">y-MM-dd – y-MM-dd</greatestDifference>
							<greatestDifference id="M">y-MM-dd – y-MM-dd</greatestDifference>
							<greatestDifference id="y">y-MM-dd – y-MM-dd</greatestDifference>
						</intervalFormatItem>
						<intervalFormatItem id="yMEd">
							<greatestDifference id="d">y-MM-dd, E – y-MM-dd, E</greatestDifference>
							<greatestDifference id="M">y-MM-dd, E – y-MM-dd, E</greatestDifference>
							<greatestDifference id="y">y-MM-dd, E – y-MM-dd, E</greatestDifference>
						</intervalFormatItem>
						<intervalFormatItem id="yMMM">
							<greatestDifference id="M">y MMM–MMM</greatestDifference>
							<greatestDifference id="y">y MMM – y MMM</greatestDifference>
						</intervalFormatItem>
						<intervalFormatItem id="yMMMd">
							<greatestDifference id="d">y MMM d–d</greatestDifference>
							<greatestDifference id="M">y MMM d – MMM d</greatestDifference>
							<greatestDifference id="y">y MMM d – y MMM d</greatestDifference>
						</intervalFormatItem>
						<intervalFormatItem id="yMMMEd">
							<greatestDifference id="d">y MMM d, E – MMM d, E</greatestDifference>
							<greatestDifference id="M">y MMM d, E – MMM d, E</greatestDifference>
							<greatestDifference id="y">y MMM d, E – y MMM d, E</greatestDifference>
						</intervalFormatItem>
						<intervalFormatItem id="yMMMM">
							<greatestDifference id="M">y MMMM–MMMM</greatestDifference>
							<greatestDifference id="y">y MMMM – y MMMM</greatestDifference>
						</intervalFormatItem>
					</intervalFormats>
				</dateTimeFormats>
			</calendar>
		</calendars>
	</dates>
	<numbers>
		<symbols numberSystem="latn">
			<decimal>.</decimal>
			<group> </group>
			<percentSign>%</percentSign>
			<plusSign>+</plusSign>
			<minusSign>-</minusSign>
		</symbols>
		<decimalFormats numberSystem="latn">
			<decimalFormatLength>
				<decimalFormat>
					<pattern>#,##0.###</pattern>
				</decimalFormat>
			</decimalFormatLength>
		</decimalFormats>
		<scientificFormats numberSystem="latn">
			<scientificFormatLength>
				<scientificFormat>
					<pattern>#E0</pattern>
				</scientificFormat>
			</scientificFormatLength>
		</scientificFormats>
		<percentFormats numberSystem="latn">
			<percentFormatLength>
				<percentFormat>
					<pattern>#,##0%</pattern>
				</percentFormat>
			</percentFormatLength>
		</percentFormats>
		<currencyFormats numberSystem="latn">
			<currencyFormatLength>
				<currencyFormat type="standard">
					<pattern>¤#,##0.00</pattern>
				</currencyFormat>
			</currencyFormatLength>
			<unitPattern count="one">{0} {1}</unitPattern>
			<unitPattern count="other">{0} {1}</unitPattern>
		</currencyFormats>
		<currencies>
			<currency type="ZAR">
				<displayName>iRandi yaseMzanzi Afrika</displayName>
				<displayName count="one">iRandi YaseMzanzi Afrika</displayName>
				<displayName count="other">iRandi yaseMzanzi Afrika</displayName>
				<symbol>R</symbol>
				<symbol alt="narrow" draft="contributed">R</symbol>
			</currency>
		</currencies>
	</numbers>
	<posix>
		<messages>
			<yesstr draft="unconfirmed">ewe:e</yesstr>
			<nostr draft="unconfirmed">hayi:h</nostr>
		</messages>
	</posix>
</ldml>
